"","Id","TagName","Count","ExcerptPostId","WikiPostId"
"1","1","comments","143","84634","84633"
"2","3","code-smell","87","133740","133739"
"3","4","programming-languages","1193","4802","4801"
"4","5","usage","11","5","usage"
"5","6","market-share","4","6","market-share"
"6","7","business","145","109610","109609"
"7","8","project-management","775","48555","48554"
"8","9","development-process","493","143950","143949"
"9","11","performance","408","107405","107404"
"10","12","time-management","83","12","time-management"
"11","13","dynamic-typing","63","133802","133801"
"12","14","static-typing","48","14","static-typing"
"13","16","team","224","166744","166743"
"14","18","personal-traits","5","18","personal-traits"
"15","22","favorite","2","22","favorite"
"16","23","waterfall","35","23","waterfall"
"17","24","micro-management","4","24","micro-management"
"18","25","non-technical-manager","21","25","non-technical-manager"
"19","26","certification","79","134469","134468"
"20","27","scjp","3","27","scjp"
"21","28","functional-programming","404","67239","67238"
"22","36","web-applications","608","104484","104483"
"23","38","hiring","115","48945","48944"
"24","40","resources","74","40","resources"
"25","41","math","194","170221","170220"
"26","42","school","41","42","school"
"27","44","office","29","135291","135290"
"28","45","billing","21","45","billing"
"29","46","freelancing","259","121103","121102"
"30","47","pricing","64","167443","167442"
"31","49","twitter","22","67236","67235"
"32","50","software","153","49001","49000"
"33","51","technology","51","168228","168227"
"34","52","books","207","49448","49447"
"35","53","actor-model","18","53","actor-model"
"36","54","concurrency","140","179324","179323"
"37","55","code-quality","429","121323","121322"
"38","56","test-coverage","33","56","test-coverage"
"39","57","open-source","795","65197","65196"
"40","58","history","245","106197","106196"
"41","61","linux","203","47902","47901"
"42","62","kernel","18","62","kernel"
"43","63","resume","108","155248","155247"
"44","65","agile","743","54867","54866"
"45","67","project-hosting","25","67","project-hosting"
"46","71","productivity","372","54813","54812"
"47","73","qualifications","7","73","qualifications"
"48","74","job-definition","62","167600","167599"
"49","76","java","2671","43376","43375"
"50","77","entertainment","2","77","entertainment"
"51","78","python","881","47876","47875"
"52","82","applications","86","145717","145716"
"53","83","tools","115","71900","71899"
"54","85","employment","88","179319","179318"
"55","86","software-developer","101","167438","167437"
"56","87","telecommuting","15","232501","232500"
"57","89","self-improvement","369","70109","70108"
"58","91","websites","137","75373","75372"
"59","92","organization","87","150077","150076"
"60","94","technique","24","94","technique"
"61","96","social","13","96","social"
"62","102","language-design","268","143965","143964"
"63","103","touch-typing","7","145548","145547"
"64","104","syntax","135","73291","73290"
"65","105","learning","753","55779","55778"
"66","109","regular-expressions","60","236429","236428"
"67","110","web-development","1160","54503","54502"
"68","111","ide","151","47756","47755"
"69","114","windows","232","144317","144316"
"70","117","goto","8","117","goto"
"71","118","programming-practices","914","134613","134612"
"72","119","operating-systems","117","133804","133803"
"73","120","managed-code","7","120","managed-code"
"74","121","stereotypes","2","121","stereotypes"
"75","126","behavior","19","126","behavior"
"76","127","personality","11","127","personality"
"77","130","language-agnostic","378","48538","48537"
"78","131","features","25","131","features"
"79","132","estimation","123","168232","168231"
"80","133","indentation","24","133","indentation"
"81","136","coding","92","40776","40775"
"82","137","concentration","4","137","concentration"
"83","139","courses","15","139","courses"
"84","140","computer-science","188","135834","135833"
"85","141","php","1344","2990","2989"
"86","142","skills","143","45205","45204"
"87","144","languages","84","145713","145712"
"88","145","database-development","69","145","database-development"
"89","146","spring","86","91928","91927"
"90","147","sql","381","47894","47893"
"91","148","future","12","136555","136554"
"92","150","list","38","150","list"
"93","151","reference","36","155213","155212"
"94","153","work-environment","270","64483","64482"
"95","157","unit-testing","784","47892","47891"
"96","158","testing","754","49179","49178"
"97","159","acceptance-testing","50","234977","234976"
"98","164","software-patent","37","164","software-patent"
"99","167","internet-explorer","23","167","internet-explorer"
"100","168","mac","46","132476","132475"
"101","169","deployment","153","144322","144321"
"102","170","physics","10","170","physics"
"103","174","hardware","97","167436","167435"
"104","176","grad-school","10","176","grad-school"
"105","178","paradigms","79","133753","133752"
"106","179","mouse","3","179","mouse"
"107","180","macros","27","167348","167347"
"108","187","logging","112","206948","206947"
"109","188",".net","939","40766","40765"
"110","189","text-editor","45","189","text-editor"
"111","190","ethics","121","94951","94950"
"112","191","motivation","69","64504","64503"
"113","192","testers","8","192","testers"
"114","194","sales","29","194","sales"
"115","195","independent","4","195","independent"
"116","196","isv","6","196","isv"
"117","197","credit-cards","5","197","credit-cards"
"118","198","architect","21","198","architect"
"119","200","paas","7","200","paas"
"120","201","passwords","59","114189","114188"
"121","202","security","473","143952","143951"
"122","203","social-engineering","2","203","social-engineering"
"123","204","lifestyle","14","204","lifestyle"
"124","207","charity","5","207","charity"
"125","208","gpl","361","133716","133715"
"126","211","apple","49","179342","179341"
"127","212","cpu","49","143646","143645"
"128","213","trends","19","213","trends"
"129","214","iphone","160","67860","67859"
"130","215","mobile","149","155236","155235"
"131","216","marketing","31","232541","232540"
"132","220","government","7","220","government"
"133","224","saml","4","224","saml"
"134","226","asp.net","448","47888","47887"
"135","229","object-oriented","1442","113571","113570"
"136","230","aspect-oriented","31","218787","218786"
"137","231","adfsv2","2","231","adfsv2"
"138","234","sso","10","214484","214483"
"139","235","ergonomics","10","235","ergonomics"
"140","236","code-reuse","112","182190","182189"
"141","239","uml","215","135578","135577"
"142","240","diagramming","11","240","diagramming"
"143","241","politics","14","241","politics"
"144","242","iterative-development","9","242","iterative-development"
"145","243","experience","146","105693","105692"
"146","246","code-contracts","8","209193","209192"
"147","249","c#","2156","6620","6619"
"148","250","vb.net","92","40771","40770"
"149","251","scheme","55","151669","151668"
"150","252","lisp","108","72690","72689"
"151","255","error-messages","40","255","error-messages"
"152","258","etymology","22","80646","80645"
"153","264","vim","22","51654","51653"
"154","266","prediction","7","266","prediction"
"155","267","culture","33","275360","275359"
"156","268","emacs","20","72687","72686"
"157","270","google","77","179330","179329"
"158","271","search-engine","35","271","search-engine"
"159","274","focus","20","274","focus"
"160","276","analysis","75","276","analysis"
"161","277","flowchart","21","277","flowchart"
"162","279","coding-standards","323","124397","124396"
"163","280","interview","549","99225","99224"
"164","281","browser","74","133746","133745"
"165","282","front-end","44","282","front-end"
"166","283","warning-signs","3","283","warning-signs"
"167","284","non-programmers","32","284","non-programmers"
"168","285","spoken-languages","26","285","spoken-languages"
"169","286","international","4","286","international"
"170","287","html","301","54806","54805"
"171","288","css","211","74471","74470"
"172","291","burnout","14","252221","252220"
"173","294","management","239","100104","100103"
"174","300","erp","17","230273","230272"
"175","301","users","39","301","users"
"176","304","openid","11","304","openid"
"177","305","antivirus","6","305","antivirus"
"178","306","virus","5","306","virus"
"179","311","algorithms","1222","64486","64485"
"180","312","complexity","101","261782","261781"
"181","315","jargon","13","315","jargon"
"182","318","project","144","135348","135347"
"183","321","social-skills","11","40787","40786"
"184","323","keyboard","11","323","keyboard"
"185","335","stackoverflow","7","210828","210827"
"186","336","mistakes","18","336","mistakes"
"187","338","language-features","86","236199","236198"
"188","339","monitor","14","339","monitor"
"189","340","joel-test","14","40769","40768"
"190","341","code-complete","13","144258","144257"
"191","344","mvc","522","77703","77702"
"192","347","development-cycle","4","347","development-cycle"
"193","348","release","55","348","release"
"194","350","rsi","6","350","rsi"
"195","351","health","9","234129","234128"
"196","353","ideology","3","353","ideology"
"197","354","economics","13","354","economics"
"198","355","profession","17","355","profession"
"199","357","scrum","457","47900","47899"
"200","359","version-control","627","44143","44142"
"201","361","computer","26","361","computer"
"202","362","free-time","19","48943","48942"
"203","363","communication","147","170216","170215"
"204","365","visual-studio-2010","78","40784","40783"
"205","366","stay-updated","6","366","stay-updated"
"206","367","pseudocode","24","367","pseudocode"
"207","370","typos","3","370","typos"
"208","374","builds","103","165799","165798"
"209","375","meetings","31","375","meetings"
"210","376","buzzwords","11","376","buzzwords"
"211","377","comparison","80","377","comparison"
"212","378","problem-solving","78","179336","179335"
"213","380","recognition","10","380","recognition"
"214","381","location-specific","2","381","location-specific"
"215","383","scope-creep","4","383","scope-creep"
"216","384","decisions","32","384","decisions"
"217","385","social-networks","30","385","social-networks"
"218","388","solo-development","53","145711","145710"
"219","389","advancements","5","389","advancements"
"220","390","cobol","20","144199","144198"
"221","391","design-patterns","1684","49029","49028"
"222","392","singleton","59","392","singleton"
"223","393","home","5","393","home"
"224","394","teaching","136","55781","55780"
"225","395","fonts","10","395","fonts"
"226","399","pair-programming","56","72692","72691"
"227","404","artificial-intelligence","95","136902","136901"
"228","405","compilers","197","67161","67160"
"229","407","philosophy","36","407","philosophy"
"230","408","code-reviews","227","48551","48550"
"231","409","frameworks","260","56044","56043"
"232","411","snippets","3","411","snippets"
"233","413","contribution","23","167019","167018"
"234","414","variables","106","271388","271387"
"235","416","product-names","7","416","product-names"
"236","417","time","51","417","time"
"237","421","operators","49","229038","229037"
"238","422","f#","59","53691","53690"
"239","427","bad-code","30","427","bad-code"
"240","428","horror-stories","2","428","horror-stories"
"241","429","terminology","467","75887","75886"
"242","430","inheritance","188","179346","179345"
"243","431","versioning","121","142389","142388"
"244","432","semantics","44","432","semantics"
"245","437","scalability","98","137156","137155"
"246","440","incentives","5","440","incentives"
"247","441","pointers","77","144195","144194"
"248","444","osx","27","444","osx"
"249","447","iterator","20","447","iterator"
"250","448","cheat-sheet","2","448","cheat-sheet"
"251","450","parallelism","42","450","parallelism"
"252","451","exceptions","200","132611","132610"
"253","452","market","7","452","market"
"254","453","product","17","453","product"
"255","455","popularity","13","455","popularity"
"256","457","statistics","46","457","statistics"
"257","459","actionscript","20","95833","95832"
"258","461","bad-programmer","8","461","bad-programmer"
"259","467","feedback","13","467","feedback"
"260","468","co-workers","34","468","co-workers"
"261","469","etiquette","28","469","etiquette"
"262","470","portability","30","470","portability"
"263","471","ruby-on-rails","241","47896","47895"
"264","472","jquery","173","48546","48545"
"265","473","gender","2","244969","244968"
"266","475","competence","2","475","competence"
"267","477","education","264","67592","67591"
"268","478","software-craftsmanship","13","131728","131727"
"269","480","training","80","135391","135390"
"270","481","students","24","481","students"
"271","482","c","772","47890","47889"
"272","483","objective-c","192","84230","84229"
"273","484","cms","60","133743","133742"
"274","485","scripting","105","167531","167530"
"275","486","reputation","3","486","reputation"
"276","488","outsourcing","42","488","outsourcing"
"277","491","scala","166","67356","67355"
"278","492","migration","52","492","migration"
"279","494","information","26","494","information"
"280","495","overload","4","495","overload"
"281","496","blogs","22","66642","66641"
"282","498","wpf","151","61604","61603"
"283","499","standardization","23","193405","193404"
"284","501","beta","11","167017","167016"
"285","502","ruby","257","65504","65503"
"286","503","google-app-engine","51","179354","179353"
"287","506","virtualization","24","506","virtualization"
"288","507","old-software","5","507","old-software"
"289","508","c++","1446","47827","47826"
"290","511","go","47","84960","84959"
"291","518","job-title","75","38460","38459"
"292","524","conferences","17","524","conferences"
"293","527","maintenance","149","112005","112004"
"294","529","research","58","529","research"
"295","530","vulnerabilities","12","530","vulnerabilities"
"296","533","senior-developer","22","533","senior-developer"
"297","534","work-time","7","534","work-time"
"298","536","tracking","10","536","tracking"
"299","539","file-structure","46","539","file-structure"
"300","540","cleaning","4","540","cleaning"
"301","541","minimal-requirements","3","541","minimal-requirements"
"302","542","source-check","2","542","source-check"
"303","544","top-companies","6","544","top-companies"
"304","548","structural-programming","3","548","structural-programming"
"305","551","credits","8","551","credits"
"306","553","portfolio","21","236952","236951"
"307","556","notes","4","556","notes"
"308","557","mainframe","11","190042","190041"
"309","558","intel","7","558","intel"
"310","559","errors","42","559","errors"
"311","560","nosql","102","133784","133783"
"312","561","bash","22","145045","145044"
"313","563","perl","64","74424","74423"
"314","566","xml","176","133726","133725"
"315","567","documentation","420","121107","121106"
"316","571","mocking","68","140437","140436"
"317","573","challenge","10","573","challenge"
"318","574","articles","8","574","articles"
"319","575","sorting","97","575","sorting"
"320","577","media","6","577","media"
"321","579","refactoring","380","43062","43061"
"322","580","mysql","293","115462","115461"
"323","581","declarative-programming","10","581","declarative-programming"
"324","584","shortcuts","4","584","shortcuts"
"325","587","financial","26","587","financial"
"326","590","development-methodologies","102","590","development-methodologies"
"327","591","oracle","62","136287","136286"
"328","595","failure","15","595","failure"
"329","598","libraries","196","135899","135898"
"330","599","collaboration","74","599","collaboration"
"331","602","orm","151","133729","133728"
"332","603","django","108","133796","133795"
"333","604","javafx","17","206742","206741"
"334","605","retirement","2","605","retirement"
"335","606","alternative","8","606","alternative"
"336","608","recruiting","48","206944","206943"
"337","609","design","2041","79295","79294"
"338","615","web-tools","3","615","web-tools"
"339","617","syntax-highlight","12","617","syntax-highlight"
"340","619","writing","22","235310","235309"
"341","622","multi-core","16","622","multi-core"
"342","626","data-types","51","626","data-types"
"343","627","cowboy-coding","9","627","cowboy-coding"
"344","628","visual-basic","27","179513","179512"
"345","632","general-purpose","4","632","general-purpose"
"346","633","budget","7","633","budget"
"347","638","plugins","48","638","plugins"
"348","639","mercurial","100","124389","124388"
"349","640","pen-and-paper","4","640","pen-and-paper"
"350","641","distributed-computing","65","641","distributed-computing"
"351","643","basic","15","40782","40781"
"352","644","contract","62","167341","167340"
"353","646","interruptions","3","646","interruptions"
"354","649","stories","10","649","stories"
"355","650","product-owner","31","187020","187019"
"356","651","microsoft","85","138444","138443"
"357","655","delphi","72","83023","83022"
"358","659","load-testing","10","194994","194993"
"359","660","notepad++","4","49266","49265"
"360","661","customer-relations","47","661","customer-relations"
"361","667","platforms","18","667","platforms"
"362","669","wcf","133","135197","135196"
"363","670","benefits","14","670","benefits"
"364","671","puzzles","21","671","puzzles"
"365","672","contests","14","672","contests"
"366","673","cryptography","31","673","cryptography"
"367","676","support","39","676","support"
"368","677","keyboard-layout","3","677","keyboard-layout"
"369","680","conditions","54","680","conditions"
"370","681","naming","359","136276","136275"
"371","682","github","183","164691","164690"
"372","687","optimization","200","135919","135918"
"373","688","jit","18","167602","167601"
"374","690","prototyping","50","179507","179506"
"375","691","automation","65","167529","167528"
"376","693","pronunciation","9","693","pronunciation"
"377","694","functions","120","158159","158158"
"378","696","implementations","38","696","implementations"
"379","699","job-market","90","100102","100101"
"380","700","bsd","10","700","bsd"
"381","703","industry","30","703","industry"
"382","704","computer-architecture","30","704","computer-architecture"
"383","707","piracy","9","707","piracy"
"384","710","criticism","6","710","criticism"
"385","717","changes","19","717","changes"
"386","719","hidden-features","4","719","hidden-features"
"387","722","children","15","722","children"
"388","728","services","47","728","services"
"389","730","jdbc","15","730","jdbc"
"390","732","mono","34","67234","67233"
"391","734","eclipse","64","47904","47903"
"392","735","visual-studio","166","71128","71127"
"393","736","distributed-development","27","736","distributed-development"
"394","737","university","42","48542","48541"
"395","738","free-software","41","154470","154469"
"396","740","binary","46","740","binary"
"397","742","code-generation","29","742","code-generation"
"398","746","requirements","217","111999","111998"
"399","748","azure","49","216861","216860"
"400","751","amazon-ec2","17","751","amazon-ec2"
"401","755","javascript","1176","47886","47885"
"402","756","programming-logic","28","232519","232518"
"403","761","language-choice","44","167357","167356"
"404","762","cross-platform","93","136730","136729"
"405","765","enterprise-architecture","123","171600","171599"
"406","766","discrimination","2","766","discrimination"
"407","768","software-updates","46","768","software-updates"
"408","769","multiple-monitors","5","769","multiple-monitors"
"409","772","forward-compatibility","3","772","forward-compatibility"
"410","775","workflows","152","179317","179316"
"411","779","creativity","16","779","creativity"
"412","781","obfuscation","24","781","obfuscation"
"413","784","corporate-procedures","5","784","corporate-procedures"
"414","785","hacking","28","785","hacking"
"415","787","silverlight","73","47913","47912"
"416","788","formal-methods","9","788","formal-methods"
"417","789","colleagues","13","789","colleagues"
"418","790","architecture","1140","112001","112000"
"419","791","gui","166","64506","64505"
"420","794","part-time","4","794","part-time"
"421","798","personal-projects","59","143983","143982"
"422","802","user-group","8","802","user-group"
"423","803","community","26","803","community"
"424","804","new-job","53","157129","157128"
"425","805","ux","12","805","ux"
"426","808","strings","86","808","strings"
"427","809","debugging","177","136113","136112"
"428","811","knowledge","35","168230","168229"
"429","813","dvcs","61","131988","131987"
"430","815","sharepoint","17","815","sharepoint"
"431","817","coding-style","486","121325","121324"
"432","818","kanban","24","81793","81792"
"433","819","quality-attributes","5","819","quality-attributes"
"434","822","working-conditions","7","822","working-conditions"
"435","825","stress","7","825","stress"
"436","829","entity","33","829","entity"
"437","832","reading","13","832","reading"
"438","834","modules","73","834","modules"
"439","837","ipad","23","837","ipad"
"440","838","games","21","838","games"
"441","840","copyright","151","167339","167338"
"442","843","personal","4","843","personal"
"443","844","importance","3","844","importance"
"444","845","professionalism","23","845","professionalism"
"445","846","corporate-culture","16","846","corporate-culture"
"446","847","database","888","49032","49031"
"447","848","sequence","11","848","sequence"
"448","849","product-features","23","849","product-features"
"449","855","lgpl","92","182192","182191"
"450","856","composition","55","856","composition"
"451","857","headers","36","857","headers"
"452","864","inspiration","11","864","inspiration"
"453","868","time-stamp","7","868","time-stamp"
"454","869","legal","261","67915","67914"
"455","870","hacks","10","870","hacks"
"456","871","relationships","30","871","relationships"
"457","872","smalltalk","17","872","smalltalk"
"458","873","web","156","166753","166752"
"459","874","soa","106","132944","132943"
"460","876","time-tracking","18","876","time-tracking"
"461","879","third-party-libraries","51","879","third-party-libraries"
"462","883","clean-code","104","179359","179358"
"463","884","tutorial","11","179517","179516"
"464","886","jruby","7","886","jruby"
"465","887","groovy","27","117777","117776"
"466","889","jvm","46","190602","190601"
"467","890","iis7","6","890","iis7"
"468","891","job-hunting","14","891","job-hunting"
"469","892","codeplex","5","892","codeplex"
"470","894","visual","15","894","visual"
"471","897","db2","10","897","db2"
"472","898","mind-mapping","6","898","mind-mapping"
"473","899","anti-patterns","104","161518","161517"
"474","900","tips","10","900","tips"
"475","901","web-2.0","4","901","web-2.0"
"476","902","catch-phrases","4","902","catch-phrases"
"477","903","labels","4","903","labels"
"478","904","appraisal","3","904","appraisal"
"479","905","specifications","105","165867","165866"
"480","907","big-o","53","232742","232741"
"481","910","email","79","910","email"
"482","913","static-analysis","40","204687","204686"
"483","914","hungarian","8","914","hungarian"
"484","915","notation","19","915","notation"
"485","919","internationalization","61","146907","146906"
"486","920","entity-framework","164","58763","58762"
"487","921","message-queue","47","921","message-queue"
"488","927","elance","3","927","elance"
"489","928","side-effect","19","928","side-effect"
"490","929","reverse-engineering","21","234185","234184"
"491","931","async","53","931","async"
"492","933","assertions","24","138954","138953"
"493","935","meta-programming","23","235354","235353"
"494","936","technologies","5","936","technologies"
"495","943","unlearning","5","943","unlearning"
"496","947","switch-statement","29","947","switch-statement"
"497","948","netbeans","22","131445","131444"
"498","949","end-users","17","949","end-users"
"499","950","end-user-programming","3","950","end-user-programming"
"500","954","html5","152","135532","135531"
"501","955","flash","39","955","flash"
"502","956","unicode","37","49669","49668"
"503","957","ajax","124","54810","54809"
"504","958","trac","7","958","trac"
"505","959","construction","12","959","construction"
"506","962","planning","104","167021","167020"
"507","963","interpreters","46","963","interpreters"
"508","966","new-technology","29","168224","168223"
"509","967","screen","8","967","screen"
"510","968","performance-tools","4","968","performance-tools"
"511","969","stress-testing","2","194992","194991"
"512","971","wordpress","23","971","wordpress"
"513","972","sprint","53","205805","205804"
"514","973","sap","5","151814","151813"
"515","974","abap","3","179549","179548"
"516","975","pros-and-cons","7","975","pros-and-cons"
"517","978","downtime","3","978","downtime"
"518","980","domain-model","103","209000","208999"
"519","981","remote-desktop","6","232503","232502"
"520","983","profiling","23","983","profiling"
"521","987","ideal-company","4","987","ideal-company"
"522","988","code-formatting","40","263416","263415"
"523","993","seo","15","993","seo"
"524","995","clang","10","123982","123981"
"525","996","llvm","12","139857","139856"
"526","997","specialization","6","997","specialization"
"527","998","sql-server","190","133722","133721"
"528","999","open-office","2","135212","135211"
"529","1000","mfc","10","1000","mfc"
"530","1001","qt","53","205269","205268"
"531","1002","ui","68","182197","182196"
"532","1003","directx","4","1003","directx"
"533","1004","opengl","44","132954","132953"
"534","1005","web-framework","75","1005","web-framework"
"535","1007","case-studies","7","1007","case-studies"
"536","1008","api","384","47906","47905"
"537","1010","grammar","37","1010","grammar"
"538","1017","intro-to-programming","11","1017","intro-to-programming"
"539","1018","utilities","8","1018","utilities"
"540","1020","hosting","22","1020","hosting"
"541","1021","web-hosting","19","1021","web-hosting"
"542","1022","identity","15","1022","identity"
"543","1024","lean","15","81788","81787"
"544","1025","installer","33","1025","installer"
"545","1026","dependency-analysis","8","1026","dependency-analysis"
"546","1027","project-structure","61","1027","project-structure"
"547","1037","web-services","360","132604","132603"
"548","1038","etl","11","123944","123943"
"549","1039","real-world","19","1039","real-world"
"550","1040","selenium","25","229008","229007"
"551","1041","gwt","21","1041","gwt"
"552","1042","android","364","49454","49453"
"553","1043","workaround","2","1043","workaround"
"554","1044","vaadin","2","258424","258423"
"555","1046","keyboard-shortcuts","9","1046","keyboard-shortcuts"
"556","1047","information-overload","3","1047","information-overload"
"557","1051","jpa","20","1051","jpa"
"558","1053","usage-statistics","8","1053","usage-statistics"
"559","1054","benchmarking","27","1054","benchmarking"
"560","1055","ms-pl","9","1055","ms-pl"
"561","1057","graphics","65","1057","graphics"
"562","1058","diagrams","62","1058","diagrams"
"563","1059","efficiency","117","149572","149571"
"564","1060","inefficiency","5","1060","inefficiency"
"565","1061","cluster","29","1061","cluster"
"566","1062","visual-basic-6","17","40774","40773"
"567","1064","tutoring","4","1064","tutoring"
"568","1066","deadlines","19","232727","232726"
"569","1069","access-modifiers","16","1069","access-modifiers"
"570","1070","encryption","75","1070","encryption"
"571","1073","paying","14","1073","paying"
"572","1074","methods","88","1074","methods"
"573","1076","desktop","6","1076","desktop"
"574","1079","self-employment","7","179509","179508"
"575","1082","presentation","30","1082","presentation"
"576","1083","product-management","17","1083","product-management"
"577","1084","life-cycle","24","1084","life-cycle"
"578","1085","whiteboard","12","1085","whiteboard"
"579","1087","abstraction","108","179350","179349"
"580","1088","environment","19","1088","environment"
"581","1090","recursion","89","1090","recursion"
"582","1092","jsp","28","167540","167539"
"583","1093","site-blocking","4","1093","site-blocking"
"584","1095","nhibernate","27","1095","nhibernate"
"585","1097","non-technical","12","1097","non-technical"
"586","1098","tdd","382","74728","74727"
"587","1099","foss","20","147907","147906"
"588","1102","intellij","14","1102","intellij"
"589","1103","validation","114","150276","150275"
"590","1104","control-structures","20","234334","234333"
"591","1107","facebook","34","130406","130405"
"592","1109","software-as-a-service","37","179505","179504"
"593","1110","teamwork","287","109608","109607"
"594","1112","domain-driven-design","307","179326","179325"
"595","1113","solid","109","105468","105467"
"596","1114","pragmatism","11","1114","pragmatism"
"597","1115","assembly","84","179338","179337"
"598","1116","low-level","57","227976","227975"
"599","1118","branching","112","167015","167014"
"600","1119","scheduling","59","1119","scheduling"
"601","1122","configuration","71","167013","167012"
"602","1123","gantt-chart","3","1123","gantt-chart"
"603","1124","e-commerce","44","179515","179514"
"604","1128","rest","416","133736","133735"
"605","1130","accessibility","12","1130","accessibility"
"606","1131","degree","25","147427","147426"
"607","1132","mockups","6","1132","mockups"
"608","1133","quality","101","1133","quality"
"609","1137","access","16","1137","access"
"610","1139","entrepreneurship","22","1139","entrepreneurship"
"611","1143","chrome","27","147025","147024"
"612","1144","theory","125","179328","179327"
"613","1145","type-casting","28","171465","171464"
"614","1147","rdbms","35","1147","rdbms"
"615","1148","persistence","51","229036","229035"
"616","1149","xaml","28","134217","134216"
"617","1150","referral","2","1150","referral"
"618","1151","monodroid","6","1151","monodroid"
"619","1153","apache","41","1153","apache"
"620","1155","time-estimation","52","172864","172863"
"621","1157","linq","64","133807","133806"
"622","1158","lambda","47","1158","lambda"
"623","1160","wiki","17","1160","wiki"
"624","1161","redmine","7","237490","237489"
"625","1162","advantages","4","1162","advantages"
"626","1163","technical-debt","43","130666","130665"
"627","1164","ios","302","55121","55120"
"628","1165","team-leader","64","40778","40777"
"629","1166","it-policy","4","1166","it-policy"
"630","1169","people-management","9","1169","people-management"
"631","1170","team-building","24","1170","team-building"
"632","1171","activity","12","1171","activity"
"633","1173","diff","15","1173","diff"
"634","1175","erlang","35","124157","124156"
"635","1176","symbian","3","1176","symbian"
"636","1177","gui-design","19","1177","gui-design"
"637","1178","enum","49","166713","166712"
"638","1179","podcasts","3","1179","podcasts"
"639","1183","sdlc","31","199622","199621"
"640","1185","delimited-files","4","1185","delimited-files"
"641","1186","file-handling","73","167536","167535"
"642","1188","stored-procedures","31","1188","stored-procedures"
"643","1189","packages","60","233975","233974"
"644","1191","product-design","2","1191","product-design"
"645","1193","metrics","58","1193","metrics"
"646","1194","web-browser","16","1194","web-browser"
"647","1195","terms-of-service","10","1195","terms-of-service"
"648","1197","internet","24","1197","internet"
"649","1198","myth","3","1198","myth"
"650","1199","messaging","26","1199","messaging"
"651","1201","pubsub","12","1201","pubsub"
"652","1202","middleware","14","207375","207374"
"653","1203","student","18","1203","student"
"654","1207","distribution","24","194933","194932"
"655","1209","haskell","184","72650","72649"
"656","1214","ebook","11","1214","ebook"
"657","1215","spelling","6","1215","spelling"
"658","1222","data","168","196638","196637"
"659","1223","usability","30","178418","178417"
"660","1226","professional-development","19","1226","professional-development"
"661","1228","considered-harmful","4","1228","considered-harmful"
"662","1231","annoyances","2","1231","annoyances"
"663","1237","enterprise-development","48","1237","enterprise-development"
"664","1243","cassandra","11","1243","cassandra"
"665","1246","review","21","1246","review"
"666","1247","mentor","27","1247","mentor"
"667","1249","manuals","5","1249","manuals"
"668","1250","production","37","1250","production"
"669","1251","legacy","84","99221","99220"
"670","1252","dll","28","1252","dll"
"671","1253","ansi","3","229742","229741"
"672","1255","iso","16","1255","iso"
"673","1257","captcha","9","1257","captcha"
"674","1259","reinventing-the-wheel","12","261857","261856"
"675","1260","unions","4","1260","unions"
"676","1261","code-organization","68","1261","code-organization"
"677","1265","svn","179","48844","48843"
"678","1266","attributes","9","1266","attributes"
"679","1267","modeling","76","1267","modeling"
"680","1269","networking","115","1269","networking"
"681","1270","innovation","7","1270","innovation"
"682","1272","buy-vs-build","4","1272","buy-vs-build"
"683","1273","software-evaluation","13","1273","software-evaluation"
"684","1274","mef","9","1274","mef"
"685","1275","code-layout","7","1275","code-layout"
"686","1276","whitespace","14","1276","whitespace"
"687","1279","jobs","85","79090","79089"
"688","1280","user-control","9","1280","user-control"
"689","1281","desktop-application","55","1281","desktop-application"
"690","1282","robotics","11","234190","234189"
"691","1283","difference","19","1283","difference"
"692","1285","garbage-collection","61","238072","238071"
"693","1286","smart-pointer","12","1286","smart-pointer"
"694","1287","readability","112","119854","119853"
"695","1290","asp.net-mvc","292","86423","86422"
"696","1291","methodology","86","1291","methodology"
"697","1294","user-interface","125","134617","134616"
"698","1295","ideas","29","236956","236955"
"699","1296","porting","35","1296","porting"
"700","1297","morale","3","1297","morale"
"701","1301","winforms","64","166834","166833"
"702","1302","application-design","54","138781","138780"
"703","1310","pitfalls","5","1310","pitfalls"
"704","1313","app","33","1313","app"
"705","1315","invariants","7","167353","167352"
"706","1321","aesthetics","4","1321","aesthetics"
"707","1322","declarative","5","1322","declarative"
"708","1327","revenue","5","1327","revenue"
"709","1329","exam","8","1329","exam"
"710","1331","data-structures","406","134627","134626"
"711","1332","binary-tree","26","1332","binary-tree"
"712","1333","idioms","22","1333","idioms"
"713","1334","business-logic","66","1334","business-logic"
"714","1335","business-rules","34","1335","business-rules"
"715","1336","rules-and-constraints","20","1336","rules-and-constraints"
"716","1337","constructs","2","1337","constructs"
"717","1338","documentation-generation","36","84905","84904"
"718","1339","wysiwyg","7","1339","wysiwyg"
"719","1343","visual-c++","15","1343","visual-c++"
"720","1344","compiler","75","244548","244547"
"721","1345","design-principles","30","1345","design-principles"
"722","1346","data-mining","20","189071","189070"
"723","1348","nunit","15","131864","131863"
"724","1349","xhtml","14","1349","xhtml"
"725","1350","windows-phone-7","36","158719","158718"
"726","1351","licensing","1024","104482","104481"
"727","1354","mvvm","108","179348","179347"
"728","1356","system-reliability","6","1356","system-reliability"
"729","1357","sockets","63","1357","sockets"
"730","1361","itunesconnect","3","1361","itunesconnect"
"731","1366","import","12","1366","import"
"732","1368","git","473","49054","49053"
"733","1369","basic-skills","10","1369","basic-skills"
"734","1370","bug","126","133718","133717"
"735","1373","preparation","4","1373","preparation"
"736","1377","encapsulation","81","1377","encapsulation"
"737","1378","chart","7","1378","chart"
"738","1381","android-market","22","1381","android-market"
"739","1384","clearcase","6","1384","clearcase"
"740","1385","mdd","10","232526","232525"
"741","1386","lazy-initialization","14","1386","lazy-initialization"
"742","1387","type-systems","75","252223","252222"
"743","1390","flex","14","95835","95834"
"744","1391","bdd","78","103975","103974"
"745","1393","source-code","260","155251","155250"
"746","1394","checkin","3","1394","checkin"
"747","1396","handheld","2","1396","handheld"
"748","1398","approval","2","1398","approval"
"749","1401","branding","7","1401","branding"
"750","1402","copy-paste-programming","12","1402","copy-paste-programming"
"751","1407","concepts","97","1407","concepts"
"752","1408","software-schedules","6","1408","software-schedules"
"753","1412","qa","76","80528","80527"
"754","1413","aptana","3","1413","aptana"
"755","1416","zend-framework","37","133791","133790"
"756","1417","cakephp","17","171377","171376"
"757","1418","codeigniter","38","1418","codeigniter"
"758","1422","imagemagick","3","1422","imagemagick"
"759","1424","grails","18","139737","139736"
"760","1426","64-bit","12","1426","64-bit"
"761","1427","32-bit","8","1427","32-bit"
"762","1430","xcode","39","79405","79404"
"763","1434","dba","8","182188","182187"
"764","1435","topics","3","1435","topics"
"765","1436","microsoft-certifications","17","1436","microsoft-certifications"
"766","1437","publications","6","1437","publications"
"767","1439","gcc","19","1439","gcc"
"768","1440","templates","75","1440","templates"
"769","1441","freeware","8","1441","freeware"
"770","1442","pyqt4","8","1442","pyqt4"
"771","1444","python-gui","2","1444","python-gui"
"772","1445","drupal","15","121111","121110"
"773","1448","technical-support","17","1448","technical-support"
"774","1454","synchronization","67","1454","synchronization"
"775","1457","vi","5","1457","vi"
"776","1461","admob","2","136726","136725"
"777","1463","advertisement","10","1463","advertisement"
"778","1464","game-development","145","145708","145707"
"779","1465","simulation","28","1465","simulation"
"780","1466","demonstration","8","1466","demonstration"
"781","1468","internship","54","118903","118902"
"782","1472","ria","7","1472","ria"
"783","1473","clr","23","213249","213248"
"784","1474","protocol","38","1474","protocol"
"785","1477","science","10","1477","science"
"786","1479","null","47","1479","null"
"787","1485","junior-programmer","118","143945","143944"
"788","1487","corporate","4","1487","corporate"
"789","1489","developer","18","1489","developer"
"790","1492","friends","4","1492","friends"
"791","1493","database-design","460","84223","84222"
"792","1495","privacy","22","1495","privacy"
"793","1500","mootools","5","1500","mootools"
"794","1501","patterns-and-practices","124","1501","patterns-and-practices"
"795","1502","general-development","14","1502","general-development"
"796","1503","development-approach","20","1503","development-approach"
"797","1505","professional-society","5","1505","professional-society"
"798","1506","dependency-injection","201","138422","138421"
"799","1512","node.js","168","179334","179333"
"800","1513","examples","20","1513","examples"
"801","1520","growth","6","1520","growth"
"802","1521","high-level","21","227978","227977"
"803","1522","visual-studio-2008","7","1522","visual-studio-2008"
"804","1525","coupling","53","1525","coupling"
"805","1527","http","132","182195","182194"
"806","1528","tcp","25","1528","tcp"
"807","1531","online-identity","4","1531","online-identity"
"808","1535","web-design","46","132602","132601"
"809","1539","type-safety","17","1539","type-safety"
"810","1540","weak-typing","8","1540","weak-typing"
"811","1543","localization","27","155224","155223"
"812","1547","copy-protection","12","1547","copy-protection"
"813","1548","ironpython","3","1548","ironpython"
"814","1554","startup","80","137907","137906"
"815","1557","code-kata","5","1557","code-kata"
"816","1560","search","85","1560","search"
"817","1561","law","28","1561","law"
"818","1563","systems-analysis","4","1563","systems-analysis"
"819","1568","embedded","71","1568","embedded"
"820","1571","language-discussion","10","1571","language-discussion"
"821","1572","command-line","39","1572","command-line"
"822","1573","editor","17","1573","editor"
"823","1575","systems","8","1575","systems"
"824","1576","projects-and-solutions","42","1576","projects-and-solutions"
"825","1577","tips-and-tricks","8","1577","tips-and-tricks"
"826","1579","monad","20","1579","monad"
"827","1581","cucumber","12","229006","229005"
"828","1582","specflow","6","165151","165150"
"829","1583","xauth","2","1583","xauth"
"830","1585","active-directory","9","1585","active-directory"
"831","1586","easter-eggs","3","1586","easter-eggs"
"832","1592","dom","20","1592","dom"
"833","1593","advocacy","5","1593","advocacy"
"834","1594","college","39","1594","college"
"835","1595","dsl","28","154830","154829"
"836","1596","runtime","30","167538","167537"
"837","1599","swing","47","1599","swing"
"838","1600","maintainability","85","163904","163903"
"839","1601","measurement","17","1601","measurement"
"840","1604","change","16","1604","change"
"841","1605","learning-curve","27","1605","learning-curve"
"842","1606","xna","8","1606","xna"
"843","1607","self-teaching","40","1607","self-teaching"
"844","1611","msbuild","11","1611","msbuild"
"845","1612","commandline-build-tool","6","1612","commandline-build-tool"
"846","1615","software-distribution","20","1615","software-distribution"
"847","1617","transition","7","1617","transition"
"848","1620","utf-8","13","1620","utf-8"
"849","1621","character-encoding","38","1621","character-encoding"
"850","1625","intellisense","11","166731","166730"
"851","1626","backward-compatibility","20","1626","backward-compatibility"
"852","1631","file-extension","6","1631","file-extension"
"853","1632","closures","33","210094","210093"
"854","1633","explanation","17","1633","explanation"
"855","1638","hashing","71","229031","229030"
"856","1639","strategy","42","1639","strategy"
"857","1642","r","16","191954","191953"
"858","1643","matlab","19","117272","117271"
"859","1645","user-experience","62","134615","134614"
"860","1646","job-satisfaction","18","1646","job-satisfaction"
"861","1647","rewrite","28","1647","rewrite"
"862","1649","attitude","7","1649","attitude"
"863","1652","generics","61","137504","137503"
"864","1653","system","19","1653","system"
"865","1655","offshore","17","1655","offshore"
"866","1656","bsd-license","70","1656","bsd-license"
"867","1657","mit-license","99","178500","178499"
"868","1658","ecmascript","9","143967","143966"
"869","1660","industry-standard","10","1660","industry-standard"
"870","1662","patents","17","263175","263174"
"871","1663","trademark","8","1663","trademark"
"872","1664","evaluation","17","1664","evaluation"
"873","1666","iis","28","1666","iis"
"874","1667","virtual-machine","70","143889","143888"
"875","1670","python-3.x","28","196114","196113"
"876","1671","abstract-class","40","1671","abstract-class"
"877","1674","x86","20","229033","229032"
"878","1675","x64","2","1675","x64"
"879","1677","knowledge-management","10","1677","knowledge-management"
"880","1678","knowledge-base","13","1678","knowledge-base"
"881","1679","sample","5","1679","sample"
"882","1681","firefox","18","144319","144318"
"883","1682","standards","109","117338","117337"
"884","1683","w3c","8","1683","w3c"
"885","1684","count","4","1684","count"
"886","1685","aggregate","15","1685","aggregate"
"887","1686","dbms","7","1686","dbms"
"888","1687","web-scraping","18","1687","web-scraping"
"889","1688","crawlers","6","1688","crawlers"
"890","1689","forms","17","1689","forms"
"891","1690","dictionary","15","1690","dictionary"
"892","1691","fortran","22","47884","47883"
"893","1693","export","11","1693","export"
"894","1694","standard-library","8","1694","standard-library"
"895","1697","ssl","20","1697","ssl"
"896","1701","training-courses","10","1701","training-courses"
"897","1703","facebook-application","5","1703","facebook-application"
"898","1704","intellectual-property","29","1704","intellectual-property"
"899","1705","date-format","20","1705","date-format"
"900","1706","formatting","17","1706","formatting"
"901","1707","ambiguity","9","1707","ambiguity"
"902","1708","reflector","2","1708","reflector"
"903","1709","windows-7","12","1709","windows-7"
"904","1710","joomla","8","1710","joomla"
"905","1711","compiling","30","1711","compiling"
"906","1713","appstore","54","1713","appstore"
"907","1714","image-manipulation","33","1714","image-manipulation"
"908","1716","engineering","36","167440","167439"
"909","1717","namespace","45","221527","221526"
"910","1718","file-storage","23","1718","file-storage"
"911","1719","class-design","163","166741","166740"
"912","1720","peopleware","10","1720","peopleware"
"913","1721","bpm","7","1721","bpm"
"914","1723","business-process","13","1723","business-process"
"915","1724","postfix","4","1724","postfix"
"916","1727","development-environment","65","179344","179343"
"917","1737","certificate","17","1737","certificate"
"918","1738","touchscreens","6","1738","touchscreens"
"919","1739","asp.net-mvc-3","51","144111","144110"
"920","1740","code-snippets","7","1740","code-snippets"
"921","1741","client-side","55","1741","client-side"
"922","1742","server-side","57","167005","167004"
"923","1743","future-development","4","1743","future-development"
"924","1744","desktop-development","12","1744","desktop-development"
"925","1750","unix","45","167346","167345"
"926","1751","color","17","1751","color"
"927","1752","ipv6","4","1752","ipv6"
"928","1753","future-proof","10","233224","233223"
"929","1756","java-ee","107","130382","130381"
"930","1757","error-handling","104","144116","144115"
"931","1758","real-time","48","1758","real-time"
"932","1759","laptop","4","1759","laptop"
"933","1761","repository","92","1761","repository"
"934","1763","human-factors","8","1763","human-factors"
"935","1765","noise","6","1765","noise"
"936","1766","caching","78","134625","134624"
"937","1767","issue-tracking","119","133720","133719"
"938","1768","backlog","7","167009","167008"
"939","1771","drag-and-drop","5","1771","drag-and-drop"
"940","1773","rational-unified-process","8","1773","rational-unified-process"
"941","1779","content-management","12","1779","content-management"
"942","1781","toolkit","3","1781","toolkit"
"943","1783","developer-tools","37","167527","167526"
"944","1786","client-relations","109","170233","170232"
"945","1790","question-answering","9","1790","question-answering"
"946","1791","nlp","24","115554","115553"
"947","1795","continuous-integration","153","108357","108356"
"948","1796","dependencies","74","1796","dependencies"
"949","1797","maven","48","91991","91990"
"950","1798","commercial","65","1798","commercial"
"951","1800","managers","14","1800","managers"
"952","1801","visio","6","1801","visio"
"953","1803","finite-state-machine","38","1803","finite-state-machine"
"954","1804","parsing","147","140916","140915"
"955","1805","hl7","4","47880","47879"
"956","1808","micro-isvs","3","1808","micro-isvs"
"957","1809","product-development","2","1809","product-development"
"958","1813","object-oriented-design","454","167007","167006"
"959","1815","ant","9","1815","ant"
"960","1816","xunit","5","1816","xunit"
"961","1817","hudson","5","1817","hudson"
"962","1818","integration-tests","83","78142","78141"
"963","1820","doctrine","9","1820","doctrine"
"964","1822","clojure","80","79138","79137"
"965","1823","compensation","3","1823","compensation"
"966","1824","mobile-app","65","232529","232528"
"967","1826","microsoft-access","14","1826","microsoft-access"
"968","1827","neural-networks","15","1827","neural-networks"
"969","1832","wording","8","1832","wording"
"970","1833","windows-registry","5","1833","windows-registry"
"971","1835","ocaml","8","1835","ocaml"
"972","1836","numerical-equations","5","1836","numerical-equations"
"973","1838","software-obsolescence","6","1838","software-obsolescence"
"974","1844","inversion-of-control","33","218991","218990"
"975","1845","ioc-containers","20","1845","ioc-containers"
"976","1846","machine-learning","61","110031","110030"
"977","1847","c99","5","67587","67586"
"978","1853","developer-events","6","1853","developer-events"
"979","1854","prolog","20","199413","199412"
"980","1855","proprietary","23","167546","167545"
"981","1857","storage","52","171061","171060"
"982","1858","linux-kernel","13","1858","linux-kernel"
"983","1859","contract-law","2","1859","contract-law"
"984","1861","negotiation","9","1861","negotiation"
"985","1862","jenkins","29","119309","119308"
"986","1864","apache-license","58","242880","242879"
"987","1867","ssd","5","1867","ssd"
"988","1868","business-card","2","1868","business-card"
"989","1869","bcl","5","1869","bcl"
"990","1870","couchdb","10","180646","180645"
"991","1871","mpl","18","206740","206739"
"992","1872","layers","53","167534","167533"
"993","1874","forum","2","1874","forum"
"994","1875","competition","13","1875","competition"
"995","1879","delegates","25","1879","delegates"
"996","1881","memory","134","179340","179339"
"997","1882","initialization","18","1882","initialization"
"998","1883","default-values","8","1883","default-values"
"999","1884","journal","3","1884","journal"
"1000","1885","im","4","1885","im"
"1001","1888","gpu","16","1888","gpu"
"1002","1891","n-tier","48","1891","n-tier"
"1003","1897","stack-oriented","5","1897","stack-oriented"
"1004","1898","rdms","3","1898","rdms"
"1005","1899","decompile","6","235647","235646"
"1006","1900","scrum-master","17","1900","scrum-master"
"1007","1903","api-design","201","163390","163389"
"1008","1905","software-performance","15","1905","software-performance"
"1009","1907","business-analysis","26","1907","business-analysis"
"1010","1908","browser-compatibility","19","1908","browser-compatibility"
"1011","1909","code-metrics","17","1909","code-metrics"
"1012","1910","cyclomatic-complexity","13","1910","cyclomatic-complexity"
"1013","1911","tests","13","1911","tests"
"1014","1914","resharper","13","1914","resharper"
"1015","1915","linux-development","12","1915","linux-development"
"1016","1917","sql-server-ce","2","1917","sql-server-ce"
"1017","1918","sp1","2","1918","sp1"
"1018","1920","systems-programming","16","1920","systems-programming"
"1019","1923","quitting","4","1923","quitting"
"1020","1924","rss","7","1924","rss"
"1021","1925","atom","5","1925","atom"
"1022","1927","hobby-programming","15","1927","hobby-programming"
"1023","1930","spreadsheet","8","1930","spreadsheet"
"1024","1931","excel","31","1931","excel"
"1025","1932","hadoop","18","213246","213245"
"1026","1940","cli","11","142046","142045"
"1027","1942","multilingual","10","1942","multilingual"
"1028","1944","imperative-languages","7","167350","167349"
"1029","1945","ibm","8","1945","ibm"
"1030","1948","logic-programming","15","1948","logic-programming"
"1031","1949","photo-gallery","5","1949","photo-gallery"
"1032","1951","feature-requests","11","1951","feature-requests"
"1033","1954","prefix","5","1954","prefix"
"1034","1955","half-life","2","1955","half-life"
"1035","1958","non-english","7","1958","non-english"
"1036","1964","polyglot","3","1964","polyglot"
"1037","1968","anxiety","3","1968","anxiety"
"1038","1969","problems","13","1969","problems"
"1039","1970","workflow-foundation","8","1970","workflow-foundation"
"1040","1978","company","22","1978","company"
"1041","1981","3d","26","225451","225450"
"1042","1982","animation","12","1982","animation"
"1043","1983","reading-code","11","1983","reading-code"
"1044","1985","service-bus","11","1985","service-bus"
"1045","1986","leadership","9","1986","leadership"
"1046","1987","automatic-update","7","1987","automatic-update"
"1047","1991","code-sample","8","1991","code-sample"
"1048","1992","continuous-delivery","24","64079","64078"
"1049","1994","grid-computing","5","1994","grid-computing"
"1050","1995","zone","5","1995","zone"
"1051","1996","tomcat","21","126828","126827"
"1052","1997","postgres","30","1997","postgres"
"1053","1998","hibernate","42","1998","hibernate"
"1054","2000","creative-commons","23","2000","creative-commons"
"1055","2002","stm","3","188241","188240"
"1056","2004","employers","15","2004","employers"
"1057","2006","symfony","13","2006","symfony"
"1058","2011","comet","4","2011","comet"
"1059","2012","push","11","2012","push"
"1060","2015","cloud-computing","99","133724","133723"
"1061","2016","bitwise-operators","30","227963","227962"
"1062","2032","lua","20","67159","67158"
"1063","2033","binding","18","2033","binding"
"1064","2034","sicp","8","181165","181164"
"1065","2040","gitflow","22","178198","178197"
"1066","2041","pure-oop","4","2041","pure-oop"
"1067","2044","ssis","6","2044","ssis"
"1068","2045","closed-source","45","2045","closed-source"
"1069","2047","mobile-platforms","23","2047","mobile-platforms"
"1070","2049","income","4","2049","income"
"1071","2051","knuth","5","262304","262303"
"1072","2053","backups","22","145719","145718"
"1073","2055","markup","13","2055","markup"
"1074","2057","escaping","7","2057","escaping"
"1075","2058","lamp","14","2058","lamp"
"1076","2064","survey","4","2064","survey"
"1077","2065","relational-database","97","2065","relational-database"
"1078","2069","stub","8","2069","stub"
"1079","2072","extreme-programming","50","169866","169865"
"1080","2074","file-systems","46","2074","file-systems"
"1081","2076","document","11","2076","document"
"1082","2080","kinect","3","2080","kinect"
"1083","2081","tsql","18","2081","tsql"
"1084","2083","interfaces","254","163468","163467"
"1085","2085","extensibility","27","2085","extensibility"
"1086","2086","design-decisions","13","2086","design-decisions"
"1087","2088","crm","11","2088","crm"
"1088","2090","offer","4","2090","offer"
"1089","2099","work-life","2","2099","work-life"
"1090","2103","permissions","31","2103","permissions"
"1091","2104","authorization","27","2104","authorization"
"1092","2105","code-analysis","25","2105","code-analysis"
"1093","2108","brainstorming","4","2108","brainstorming"
"1094","2110","data-warehouse","14","2110","data-warehouse"
"1095","2111","trust","5","2111","trust"
"1096","2116","technical-manuals","3","2116","technical-manuals"
"1097","2120","ada","4","99215","99214"
"1098","2127","promotion","8","2127","promotion"
"1099","2128","adobe","6","225453","225452"
"1100","2133","playframework","11","2133","playframework"
"1101","2137","role","9","2137","role"
"1102","2138","division-of-labor","5","2138","division-of-labor"
"1103","2139","test-automation","27","2139","test-automation"
"1104","2140","reporting","30","2140","reporting"
"1105","2141","report-generation","10","2141","report-generation"
"1106","2143","information-presentation","9","2143","information-presentation"
"1107","2145","multithreading","286","170236","170235"
"1108","2147","implicit-parallelism","3","2147","implicit-parallelism"
"1109","2148","risk","8","2148","risk"
"1110","2149","stl","14","124565","124564"
"1111","2150","boost","16","2150","boost"
"1112","2154","json","133","176213","176212"
"1113","2155","csdp","3","105633","105632"
"1114","2159","struts","3","2159","struts"
"1115","2160","study","16","2160","study"
"1116","2161","upgrade","14","2161","upgrade"
"1117","2162","schema","45","2162","schema"
"1118","2166","duck-typing","14","2166","duck-typing"
"1119","2176","extension-method","9","2176","extension-method"
"1120","2179","cross-browser","13","2179","cross-browser"
"1121","2180","oauth","29","2180","oauth"
"1122","2181","authentication","119","2181","authentication"
"1123","2183","team-spirit","7","2183","team-spirit"
"1124","2184","ubuntu","18","118634","118633"
"1125","2186","text-encoding","13","2186","text-encoding"
"1126","2189","tablets","7","2189","tablets"
"1127","2196","configuration-management","45","2196","configuration-management"
"1128","2201","bug-report","25","202553","202552"
"1129","2203","retrospective","5","2203","retrospective"
"1130","2210","geospatial","10","2210","geospatial"
"1131","2224","sql-injection","11","2224","sql-injection"
"1132","2227","hierarchy","20","2227","hierarchy"
"1133","2228","tagging","15","2228","tagging"
"1134","2232","scope","37","2232","scope"
"1135","2236","software-law","14","2236","software-law"
"1136","2237","release-management","80","179352","179351"
"1137","2238","blackberry","4","2238","blackberry"
"1138","2239","ado.net","10","2239","ado.net"
"1139","2240","transaction","33","2240","transaction"
"1140","2242","eula","10","2242","eula"
"1141","2248","rad","7","92651","92650"
"1142","2252","service","22","2252","service"
"1143","2262","secure-coding","11","2262","secure-coding"
"1144","2266","np-complete","4","2266","np-complete"
"1145","2268","windows-8","36","122868","122867"
"1146","2276","fpa","4","162493","162492"
"1147","2278","query","27","2278","query"
"1148","2282","numeric-precision","20","2282","numeric-precision"
"1149","2284","msdn","8","2284","msdn"
"1150","2285","model","53","2285","model"
"1151","2286","modelling","11","2286","modelling"
"1152","2287","xslt","15","2287","xslt"
"1153","2290","redis","23","134332","134331"
"1154","2293","pagination","7","158111","158110"
"1155","2297","guidance","10","2297","guidance"
"1156","2303","jira","21","2303","jira"
"1157","2315","program","11","2315","program"
"1158","2317","defensive-programming","10","212783","212782"
"1159","2324","mvp","51","224731","224730"
"1160","2325","chat","13","2325","chat"
"1161","2327","soap","32","222401","222400"
"1162","2334","codefirst","11","2334","codefirst"
"1163","2336","immutability","66","2336","immutability"
"1164","2344","float","10","2344","float"
"1165","2348","defect","11","2348","defect"
"1166","2353","ftp","10","2353","ftp"
"1167","2358","cqrs","42","123520","123519"
"1168","2363","parallel-programming","33","2363","parallel-programming"
"1169","2367","login","39","2367","login"
"1170","2368","final","13","2368","final"
"1171","2374","csda","3","89713","89712"
"1172","2375","business-intelligence","13","2375","business-intelligence"
"1173","2378","case-insensitivity","4","2378","case-insensitivity"
"1174","2380","audit","12","2380","audit"
"1175","2381","personality-conflicts","8","2381","personality-conflicts"
"1176","2383","trees","64","2383","trees"
"1177","2386","text-processing","31","2386","text-processing"
"1178","2388","pdf","14","2388","pdf"
"1179","2395","access-control","21","2395","access-control"
"1180","2396","cocoa","16","2396","cocoa"
"1181","2399","array","101","2399","array"
"1182","2402","public-speaking","2","2402","public-speaking"
"1183","2404","user-interaction","6","2404","user-interaction"
"1184","2407","risk-assesment","4","2407","risk-assesment"
"1185","2409","properties","32","2409","properties"
"1186","2414","geometry","31","2414","geometry"
"1187","2420","auto-completion","10","2420","auto-completion"
"1188","2421","side-projects","3","2421","side-projects"
"1189","2423","normalization","19","206994","206993"
"1190","2429","introduction","4","2429","introduction"
"1191","2432","verification","32","2432","verification"
"1192","2435","server","121","166830","166829"
"1193","2436","webforms","33","2436","webforms"
"1194","2441","assessment","5","2441","assessment"
"1195","2444","type-conversion","8","2444","type-conversion"
"1196","2447","designer","6","2447","designer"
"1197","2449","ooad","9","159190","159189"
"1198","2452","error-detection","6","2452","error-detection"
"1199","2454","translate","12","2454","translate"
"1200","2457","pascal","15","159117","159116"
"1201","2462","d","7","244468","244467"
"1202","2465","user-story","91","112132","112131"
"1203","2469","non-disclosure-agreement","11","2469","non-disclosure-agreement"
"1204","2470","http-request","29","2470","http-request"
"1205","2471","http-response","18","2471","http-response"
"1206","2473","dao","23","213079","213078"
"1207","2475","task","10","212420","212419"
"1208","2477","web-crawler","13","2477","web-crawler"
"1209","2478","wikipedia","3","2478","wikipedia"
"1210","2479","numbers","40","2479","numbers"
"1211","2482","definition","37","199601","199600"
"1212","2488","octal","4","2488","octal"
"1213","2495","ooda","2","2495","ooda"
"1214","2497","cmake","5","2497","cmake"
"1215","2499","architectural-patterns","58","2499","architectural-patterns"
"1216","2502","object","39","2502","object"
"1217","2503","class","121","2503","class"
"1218","2505","ironruby","2","2505","ironruby"
"1219","2507","big-theta","5","2507","big-theta"
"1220","2509","phd","3","2509","phd"
"1221","2510","project-planning","16","2510","project-planning"
"1222","2512","undefined-behaviour","5","2512","undefined-behaviour"
"1223","2513","genetic-algorithms","27","258582","258581"
"1224","2516","insurance","2","2516","insurance"
"1225","2518","manual-testing","7","2518","manual-testing"
"1226","2524","agpl","33","2524","agpl"
"1227","2528","system-architecture","2","2528","system-architecture"
"1228","2529","payment","23","260214","260213"
"1229","2531","multiple-inheritance","26","2531","multiple-inheritance"
"1230","2533","sinatra","3","2533","sinatra"
"1231","2534","class-diagram","53","158165","158164"
"1232","2537","reflection","26","2537","reflection"
"1233","2538","c++11","85","179503","179502"
"1234","2539","independent-contractor","5","2539","independent-contractor"
"1235","2542","phpstorm","3","102655","102654"
"1236","2547","technology-choice","13","2547","technology-choice"
"1237","2551","sdk","14","102657","102656"
"1238","2557","barcode","3","102082","102081"
"1239","2558","career-development","396","102202","102201"
"1240","2559","job-advancement","10","109606","109605"
"1241","2560","custom-control","5","2560","custom-control"
"1242","2565","product-backlog","14","112126","112125"
"1243","2566","job-performance","13","102745","102744"
"1244","2569","use-case","53","229041","229040"
"1245","2578","dry","57","109266","109265"
"1246","2579","domain-specific-languages","8","2579","domain-specific-languages"
"1247","2580","automatic-programming","4","2580","automatic-programming"
"1248","2581","job-searching","13","2581","job-searching"
"1249","2583","membership-provider","2","2583","membership-provider"
"1250","2586","razor","9","156444","156443"
"1251","2587","multitasking","7","2587","multitasking"
"1252","2592","order","10","2592","order"
"1253","2593","map","28","2593","map"
"1254","2594","visualization","15","2594","visualization"
"1255","2595","static-methods","41","2595","static-methods"
"1256","2596","integration","32","2596","integration"
"1257","2597","unit-of-work","16","2597","unit-of-work"
"1258","2598","cost-estimation","26","2598","cost-estimation"
"1259","2600","rationale","2","2600","rationale"
"1260","2608","cocomo","5","2608","cocomo"
"1261","2609","flow","10","2609","flow"
"1262","2612","p2p","11","2612","p2p"
"1263","2617","multi-platform","11","2617","multi-platform"
"1264","2619","roles","18","2619","roles"
"1265","2623","networks","25","167344","167343"
"1266","2625","observer-pattern","38","2625","observer-pattern"
"1267","2629","visual-foxpro","3","2629","visual-foxpro"
"1268","2636","metro","17","166710","166709"
"1269","2637","winrt","14","108544","108543"
"1270","2638","suffix-trees","2","2638","suffix-trees"
"1271","2640","thought-process","4","2640","thought-process"
"1272","2647","https","10","2647","https"
"1273","2648","exception-handling","117","2648","exception-handling"
"1274","2652","files","32","2652","files"
"1275","2653","compression","27","2653","compression"
"1276","2654","indexing","25","2654","indexing"
"1277","2656","code-security","17","2656","code-security"
"1278","2657","flask","7","2657","flask"
"1279","2659","threading","15","2659","threading"
"1280","2660","multitenancy","8","2660","multitenancy"
"1281","2661","android-development","46","156965","156964"
"1282","2663","latency","14","2663","latency"
"1283","2664","mobile-payment","6","2664","mobile-payment"
"1284","2667","make","10","2667","make"
"1285","2669","event-programming","77","110888","110887"
"1286","2670","career-transition","41","110928","110927"
"1287","2671","sequence-diagram","17","2671","sequence-diagram"
"1288","2673","graph-traversal","25","2673","graph-traversal"
"1289","2676","directory-structure","18","235302","235301"
"1290","2680","shell","29","143948","143947"
"1291","2689","knowledge-transfer","48","235214","235213"
"1292","2691","declarations","9","2691","declarations"
"1293","2694","case-tools","2","2694","case-tools"
"1294","2697","video","23","2697","video"
"1295","2698","awt","4","2698","awt"
"1296","2699","xmlhttprequest","9","2699","xmlhttprequest"
"1297","2700","presentation-model","3","2700","presentation-model"
"1298","2702","compatibility","16","2702","compatibility"
"1299","2703","modern","5","2703","modern"
"1300","2705","web-servers","17","2705","web-servers"
"1301","2706","code-style","33","2706","code-style"
"1302","2707","ml","2","2707","ml"
"1303","2709","adapter","7","2709","adapter"
"1304","2710","mongo","10","133787","133786"
"1305","2713","document-databases","12","2713","document-databases"
"1306","2714","stack","35","2714","stack"
"1307","2715","heap","30","2715","heap"
"1308","2716","crud","11","240778","240777"
"1309","2718","word","8","2718","word"
"1310","2719","fragmentation","4","2719","fragmentation"
"1311","2720","allocation","11","2720","allocation"
"1312","2721","malloc","9","2721","malloc"
"1313","2722","procedural","22","179511","179510"
"1314","2726","svg","2","2726","svg"
"1315","2729","cvs","6","216782","216781"
"1316","2733","dart","13","164614","164613"
"1317","2734","coffeescript","15","131188","131187"
"1318","2736","employee-relations","9","2736","employee-relations"
"1319","2737","forking","32","2737","forking"
"1320","2739","xpath","5","2739","xpath"
"1321","2741","prince2","2","2741","prince2"
"1322","2744","random","77","2744","random"
"1323","2750","thread","22","2750","thread"
"1324","2752","eai","4","2752","eai"
"1325","2758","junit","23","2758","junit"
"1326","2759","speed","38","2759","speed"
"1327","2761","explicit","3","2761","explicit"
"1328","2763","virtual-machine-languages","5","2763","virtual-machine-languages"
"1329","2765","structured-programming","10","200670","200669"
"1330","2767","imperative-programming","17","2767","imperative-programming"
"1331","2770","software-education","6","2770","software-education"
"1332","2777","test-management","3","120712","120711"
"1333","2778","requirements-management","39","120714","120713"
"1334","2794","heuristics","11","2794","heuristics"
"1335","2795","large-scale-project","17","2795","large-scale-project"
"1336","2798","task-organization","20","170200","170199"
"1337","2802","graph","90","126707","126706"
"1338","2804","generalization","4","2804","generalization"
"1339","2806","embedded-systems","32","162232","162231"
"1340","2807","dynamic-inheritance","3","2807","dynamic-inheritance"
"1341","2811","computer-vision","12","229029","229028"
"1342","2815","byte","14","2815","byte"
"1343","2816","mariadb","2","2816","mariadb"
"1344","2825","revisions","4","2825","revisions"
"1345","2827","polling","14","206932","206931"
"1346","2828","io","41","199411","199410"
"1347","2840","single-responsibility","73","232173","232172"
"1348","2841","coldfusion","8","199641","199640"
"1349","2844","buffers","9","2844","buffers"
"1350","2845","polymorphism","74","2845","polymorphism"
"1351","2846","event-sourcing","25","2846","event-sourcing"
"1352","2851","event","21","2851","event"
"1353","2854","usb","6","128048","128047"
"1354","2856","javadocs","17","2856","javadocs"
"1355","2866","mixins","6","2866","mixins"
"1356","2867","com","7","155003","155002"
"1357","2868","extjs","9","2868","extjs"
"1358","2869","quotations","13","123419","123418"
"1359","2871","big-data","26","2871","big-data"
"1360","2873","canvas","16","2873","canvas"
"1361","2874","deprecation","12","167544","167543"
"1362","2875","machine-code","16","232710","232709"
"1363","2876","dynamic-programming","39","159150","159149"
"1364","2881","felix","2","128007","128006"
"1365","2888","exit-strategy","3","2888","exit-strategy"
"1366","2890","routing","18","2890","routing"
"1367","2892","editor-navigation","2","2892","editor-navigation"
"1368","2894","graph-databases","13","2894","graph-databases"
"1369","2897","dijkstra","6","2897","dijkstra"
"1370","2900","crystal-reports","4","2900","crystal-reports"
"1371","2901","ssrs","4","206260","206259"
"1372","2902","dynamic-data","5","2902","dynamic-data"
"1373","2904","assembler","9","2904","assembler"
"1374","2905","linking","19","2905","linking"
"1375","2907","cmmi","7","134180","134179"
"1376","2913","website-performance","13","2913","website-performance"
"1377","2915","taocp","5","182092","182091"
"1378","2916","boolean","29","2916","boolean"
"1379","2917","logic","22","2917","logic"
"1380","2919","install","5","2919","install"
"1381","2921","memcached","9","2921","memcached"
"1382","2922","lexer","22","128009","128008"
"1383","2924","stacktrace","2","2924","stacktrace"
"1384","2933","linked-list","14","2933","linked-list"
"1385","2934","non-profit","4","128639","128638"
"1386","2936","parser-combinator","4","2936","parser-combinator"
"1387","2939","server-security","8","2939","server-security"
"1388","2943","gettext","4","272692","272691"
"1389","2957","method-overloading","18","2957","method-overloading"
"1390","2959","uuid","9","2959","uuid"
"1391","2960","sms","7","2960","sms"
"1392","2961","ip","9","2961","ip"
"1393","2963","component","17","2963","component"
"1394","2964","sql-azure","4","2964","sql-azure"
"1395","2973","technical-writing","6","235308","235307"
"1396","2976","personal-software-process","2","131301","131300"
"1397","2978","dynamic-languages","14","2978","dynamic-languages"
"1398","2983","soft-skills","2","2983","soft-skills"
"1399","2987","ioc","24","201764","201763"
"1400","2989","rendering","9","2989","rendering"
"1401","2991","hacker-culture","4","2991","hacker-culture"
"1402","2992","turing-completeness","19","2992","turing-completeness"
"1403","2995","effort","4","2995","effort"
"1404","2996","warranty","3","2996","warranty"
"1405","2997","wizard","4","2997","wizard"
"1406","2998","literate-programming","4","132745","132744"
"1407","3005","cgi","5","167542","167541"
"1408","3009","view","15","3009","view"
"1409","3010","design-by-contract","12","171661","171660"
"1410","3012","process-improvement","6","3012","process-improvement"
"1411","3013","session","55","3013","session"
"1412","3015","perforce","9","3015","perforce"
"1413","3018","sharding","5","3018","sharding"
"1414","3019","gtk","8","3019","gtk"
"1415","3027","keys","8","256328","256327"
"1416","3028","microsoft-office","3","135341","135340"
"1417","3040","biztalk","4","261061","261060"
"1418","3042","serialization","55","158550","158549"
"1419","3045","return-type","24","3045","return-type"
"1420","3046","cron","11","3046","cron"
"1421","3049","hackathon","4","3049","hackathon"
"1422","3050","annual-review","2","3050","annual-review"
"1423","3052","conventions","61","3052","conventions"
"1424","3063","asp.net-mvc-4","52","188573","188572"
"1425","3068","arm","7","3068","arm"
"1426","3075","high-performance","15","3075","high-performance"
"1427","3078","mongodb","59","180649","180648"
"1428","3079","rules-engine","13","3079","rules-engine"
"1429","3084","google-closure","3","3084","google-closure"
"1430","3085","ontology","2","3085","ontology"
"1431","3086","semantic-web","8","139781","139780"
"1432","3090","process","33","3090","process"
"1433","3092","workload-estimation","5","205965","205964"
"1434","3101","state","37","3101","state"
"1435","3110","software-patches","12","3110","software-patches"
"1436","3114","annotations","13","3114","annotations"
"1437","3116","lucene","10","213244","213243"
"1438","3123","code-ownership","13","187224","187223"
"1439","3124","scm","19","216777","216776"
"1440","3127","entry-point","7","3127","entry-point"
"1441","3128","document-management","5","3128","document-management"
"1442","3131","endianness","7","3131","endianness"
"1443","3132","build-system","16","3132","build-system"
"1444","3133","team-foundation-server","95","179332","179331"
"1445","3139","websockets","28","223481","223480"
"1446","3141","rule-of-three","4","3141","rule-of-three"
"1447","3144","cookies","18","3144","cookies"
"1448","3146","monkey-patch","4","3146","monkey-patch"
"1449","3147","css3","18","3147","css3"
"1450","3149","dataflow","10","3149","dataflow"
"1451","3150","signals","7","3150","signals"
"1452","3152","graphical-code","2","3152","graphical-code"
"1453","3153","firmware","5","3153","firmware"
"1454","3156","cvcs","8","3156","cvcs"
"1455","3164","delivery","5","3164","delivery"
"1456","3165","tortoise-svn","5","216780","216779"
"1457","3168","healthcare","5","3168","healthcare"
"1458","3170","message-passing","13","3170","message-passing"
"1459","3176","object-pascal","2","3176","object-pascal"
"1460","3180","csv","13","3180","csv"
"1461","3184","open-close","9","3184","open-close"
"1462","3185","help-documentation","4","3185","help-documentation"
"1463","3186","reference-manual","2","3186","reference-manual"
"1464","3195","heatmap","2","3195","heatmap"
"1465","3196","asm","5","3196","asm"
"1466","3197","locks","24","3197","locks"
"1467","3199","loops","67","167355","167354"
"1468","3200","const","16","3200","const"
"1469","3204","ascii","10","3204","ascii"
"1470","3210","method-chaining","18","3210","method-chaining"
"1471","3216","rpc","15","3216","rpc"
"1472","3220","developing-skills","8","3220","developing-skills"
"1473","3222","continuation","7","3222","continuation"
"1474","3229","image","27","3229","image"
"1475","3231","disability","4","3231","disability"
"1476","3232","analytics","8","3232","analytics"
"1477","3235","gerrit","4","153210","153209"
"1478","3236","sqlite","23","3236","sqlite"
"1479","3241","ninject","7","3241","ninject"
"1480","3242","integration-testing","5","3242","integration-testing"
"1481","3244","keywords","12","3244","keywords"
"1482","3246","practical-application","5","3246","practical-application"
"1483","3249","queue","11","3249","queue"
"1484","3251","client","29","166832","166831"
"1485","3253","naming-standards","56","185358","185357"
"1486","3258","function-point","5","3258","function-point"
"1487","3259","data-modeling","19","3259","data-modeling"
"1488","3260","url","24","3260","url"
"1489","3263","minify","3","3263","minify"
"1490","3264","legacy-code","26","234979","234978"
"1491","3266","spring-mvc","17","3266","spring-mvc"
"1492","3276","development","33","3276","development"
"1493","3281","heroku","10","3281","heroku"
"1494","3282","issues","3","3282","issues"
"1495","3286","ceylon","2","196645","196644"
"1496","3289","arithmetic","10","3289","arithmetic"
"1497","3290","separation-of-concerns","56","3290","separation-of-concerns"
"1498","3291","include","10","3291","include"
"1499","3292","data-replication","9","3292","data-replication"
"1500","3294","tail-call","9","3294","tail-call"
"1501","3308","oauth2","15","3308","oauth2"
"1502","3315","space-technology","5","3315","space-technology"
"1503","3316","vba","13","3316","vba"
"1504","3317","algebraic-data-type","7","3317","algebraic-data-type"
"1505","3319","merging","28","3319","merging"
"1506","3321","analogy","4","3321","analogy"
"1507","3323","jsf","11","3323","jsf"
"1508","3328","brookslaw","2","3328","brookslaw"
"1509","3344","dynamic-linking","11","167419","167418"
"1510","3348","evidence-based","3","3348","evidence-based"
"1511","3368","data-flow-diagram","2","167413","167412"
"1512","3369","local-storage","10","3369","local-storage"
"1513","3373","calculus","4","3373","calculus"
"1514","3379","modern-ui","2","166708","166707"
"1515","3380","visual-studio-2012","16","166721","166720"
"1516","3382","bitbucket","7","173568","173567"
"1517","3383","typescript","11","167214","167213"
"1518","3384","cohesion","8","3384","cohesion"
"1519","3389","riak","1","179529","179528"
"1520","3390","server-client","49","167369","167368"
"1521","3391","factor","2","3391","factor"
"1522","3392","forth","2","3392","forth"
"1523","3393","memory-usage","29","3393","memory-usage"
"1524","3396","attribution","9","3396","attribution"
"1525","3406","untagged","2","175560","175559"
"1526","3418","multiprocessing","8","3418","multiprocessing"
"1527","3425","hmac","4","3425","hmac"
"1528","3426","feasibility","4","171446","171445"
"1529","3429","algorithm-analysis","67","3429","algorithm-analysis"
"1530","3430","image-processing","20","3430","image-processing"
"1531","3434","powershell","4","3434","powershell"
"1532","3435","collections","43","3435","collections"
"1533","3436","higher-order-functions","12","221064","221063"
"1534","3440","windows-phone-8","13","3440","windows-phone-8"
"1535","3445","dependency-management","30","3445","dependency-management"
"1536","3447","functional-testing","16","3447","functional-testing"
"1537","3448","dynamic","13","3448","dynamic"
"1538","3453","principles","6","3453","principles"
"1539","3454","sip","4","3454","sip"
"1540","3458","asynchronous-programming","40","3458","asynchronous-programming"
"1541","3466","currying","6","177351","177350"
"1542","3476","java8","12","189581","189580"
"1543","3487","static-keyword","6","3487","static-keyword"
"1544","3489","static-access","21","180127","180126"
"1545","3490","static-linking","11","180260","180259"
"1546","3491","cloud","14","3491","cloud"
"1547","3500","yii","3","181105","181104"
"1548","3505","jboss","7","3505","jboss"
"1549","3506","asp.net-mvc-web-api","30","3506","asp.net-mvc-web-api"
"1550","3508","cache","28","3508","cache"
"1551","3514","srs","4","3514","srs"
"1552","3515","common-lisp","16","223207","223206"
"1553","3519","filtering","10","3519","filtering"
"1554","3523","visitor-pattern","8","3523","visitor-pattern"
"1555","3524","phpunit","9","202709","202708"
"1556","3528","akka","12","202106","202105"
"1557","3532","feature-creep","3","3532","feature-creep"
"1558","3541","rebol","1","187988","187987"
"1559","3543","joda-time","2","3543","joda-time"
"1560","3551","burndown","4","3551","burndown"
"1561","3569","generic-programming","8","3569","generic-programming"
"1562","3574","update","3","3574","update"
"1563","3575","sublime-text","2","3575","sublime-text"
"1564","3578","out-parameters","3","3578","out-parameters"
"1565","3579","mutable","10","3579","mutable"
"1566","3586","floating-point","22","3586","floating-point"
"1567","3587","warnings","4","3587","warnings"
"1568","3592","lisp-machine","1","223705","223704"
"1569","3595","operator-precedence","7","3595","operator-precedence"
"1570","3600","cdn","3","205274","205273"
"1571","3602","ember.js","5","3602","ember.js"
"1572","3603","greenspunning","2","3603","greenspunning"
"1573","3605","bit","8","3605","bit"
"1574","3606","camelcase","3","196418","196417"
"1575","3608","factory-method","20","3608","factory-method"
"1576","3610","3rd-party","5","3610","3rd-party"
"1577","3611","value-object","10","3611","value-object"
"1578","3614","uncle-bob","12","218449","218448"
"1579","3620","vbscript","3","203127","203126"
"1580","3621","sgml","2","198518","198517"
"1581","3627","ssa","1","200866","200865"
"1582","3628","redirect","3","3628","redirect"
"1583","3630","protobuf","3","205553","205552"
"1584","3631","constructors","27","3631","constructors"
"1585","3635","responsive-design","17","3635","responsive-design"
"1586","3637","register","5","3637","register"
"1587","3638","globals","19","3638","globals"
"1588","3639","livescript","1","205551","205550"
"1589","3644","upload","6","203125","203124"
"1590","3651","information-theory","4","3651","information-theory"
"1591","3654","scaling","5","3654","scaling"
"1592","3660","hateoas","8","203815","203814"
"1593","3661","surrogate-keys","4","3661","surrogate-keys"
"1594","3662","interoperability","10","3662","interoperability"
"1595","3663","salesforce","2","3663","salesforce"
"1596","3664","solr","3","205549","205548"
"1597","3667","pull-requests","10","3667","pull-requests"
"1598","3670","malicious-code","2","205545","205544"
"1599","3671","plugin-architecture","12","3671","plugin-architecture"
"1600","3672","producer-consumer","3","3672","producer-consumer"
"1601","3673","parameters","41","204634","204633"
"1602","3678","luajit","1","205547","205546"
"1603","3680","asn.1","2","3680","asn.1"
"1604","3682","dogfooding","10","205875","205874"
"1605","3686","opencl","3","3686","opencl"
"1606","3691","web-api","51","3691","web-api"
"1607","3694","jee","3","3694","jee"
"1608","3715","common-lisp-object-system","1","223703","223702"
"1609","3716","bundling","3","3716","bundling"
"1610","3719","ravendb","5","3719","ravendb"
"1611","3723","apache-kafka","4","210661","210660"
"1612","3724","asp-classic","12","210736","210735"
"1613","3726","greenfield","1","210929","210928"
"1614","3727","brownfield","2","210931","210930"
"1615","3730","google-guice","4","211266","211265"
"1616","3732","data-integrity","3","3732","data-integrity"
"1617","3739","gnu","7","3739","gnu"
"1618","3745","activerecord","6","3745","activerecord"
"1619","3746","queueing","7","3746","queueing"
"1620","3751","drivers","6","3751","drivers"
"1621","3757","semantic-versioning","15","3757","semantic-versioning"
"1622","3759","thrift","1","223145","223144"
"1623","3761","static","18","3761","static"
"1624","3762","instance","6","3762","instance"
"1625","3763","raii","5","251037","251036"
"1626","3766","loc","2","216501","216500"
"1627","3776","angularjs","66","222848","222847"
"1628","3777","language-specifications","3","235470","235469"
"1629","3778","docker","3","219236","219235"
"1630","3780","computation-expressions","5","3780","computation-expressions"
"1631","3786","string-matching","7","3786","string-matching"
"1632","3788","boxing","4","223444","223443"
"1633","3789","c11","1","223487","223486"
"1634","3793","offline","5","3793","offline"
"1635","3795","indexeddb","4","3795","indexeddb"
"1636","3801","date-patterns","5","3801","date-patterns"
"1637","3807","aws","8","223484","223483"
"1638","3808","unit-test-data","2","3808","unit-test-data"
"1639","3810","refactor","2","223441","223440"
"1640","3811","chess","17","223894","223893"
"1641","3812","racket","5","223438","223437"
"1642","3818","laravel","22","223662","223661"
"1643","3819","apache2","3","3819","apache2"
"1644","3825","client-server","11","3825","client-server"
"1645","3826","bootstrap","8","224093","224092"
"1646","3827","firefoxos","1","225448","225447"
"1647","3832","preferences","3","224851","224850"
"1648","3833","settings","7","3833","settings"
"1649","3839","pci","3","226627","226626"
"1650","3842","phantomjs","1","228434","228433"
"1651","3843","currency","2","3843","currency"
"1652","3844","command-message","3","3844","command-message"
"1653","3850","perceptron","1","229010","229009"
"1654","3854","package-managers","11","3854","package-managers"
"1655","3855","uri","9","3855","uri"
"1656","3857","brainfuck","2","237191","237190"
"1657","3866","bytecode","7","3866","bytecode"
"1658","3867","jre","3","3867","jre"
"1659","3872","doubles","2","3872","doubles"
"1660","3874","orchestration","2","3874","orchestration"
"1661","3876","calculator","4","3876","calculator"
"1662","3882","polyfill","2","3882","polyfill"
"1663","3885","if-statement","5","234336","234335"
"1664","3890","dispatch","2","3890","dispatch"
"1665","3892","clickonce","2","3892","clickonce"
"1666","3896","gitlab","4","237255","237254"
"1667","3901","huffman-encoding","5","3901","huffman-encoding"
"1668","3906","hooks","2","3906","hooks"
"1669","3919","decorator","9","240283","240282"
"1670","3920","factory","7","3920","factory"
"1671","3924","template-method","2","241076","241075"
"1672","3926","lambda-calculus","6","3926","lambda-calculus"
"1673","3929","swift-language","14","242867","242866"
"1674","3931","fossil-scm","2","244588","244587"
"1675","3932","circular-dependency","2","3932","circular-dependency"
"1676","3934","yaml","2","244839","244838"
"1677","3935","pure-function","6","244923","244922"
"1678","3936","poco","1","250298","250297"
"1679","3938","calling-conventions","3","3938","calling-conventions"
"1680","3939","osgi","2","3939","osgi"
"1681","3942","compilation","5","3942","compilation"
"1682","3944","purescript","1","246441","246440"
"1683","3948","typeclass","4","3948","typeclass"
"1684","3950","es6","3","3950","es6"
"1685","3951","windows-runtime","1","247420","247419"
"1686","3953","cross-language","2","250062","250061"
"1687","3959","fizzbuzz","3","3959","fizzbuzz"
"1688","3961","elasticsearch","5","251817","251816"
"1689","3963","reactive","5","3963","reactive"
"1690","3966","file-formats","4","253102","253101"
"1691","3967","metadata","3","3967","metadata"
"1692","3973","distributed-system","6","3973","distributed-system"
"1693","3978","ecosystem","1","3978","ecosystem"
"1694","3980","mockito","1","3980","mockito"
"1695","3981","expressive-power","1","3981","expressive-power"
"1696","3982","language-theory","1","3982","language-theory"
"1697","3983","apprentice-developer","1","3983","apprentice-developer"
"1698","3984","rspec","5","3984","rspec"
"1699","3986","simplicity","3","3986","simplicity"
"1700","3987","wide-column-databases","1","3987","wide-column-databases"
"1701","3989","type-theory","3","3989","type-theory"
"1702","3991","combinatorics","7","256369","256368"
"1703","3992","category-theory","1","3992","category-theory"
"1704","3996","rake","2","3996","rake"
"1705","3997","finally","1","257783","257782"
"1706","3999","domain-name-system","4","258145","258144"
"1707","4000","sql-domain","2","4000","sql-domain"
"1708","4001","domain-objects","1","4001","domain-objects"
"1709","4002","value","1","4002","value"
"1710","4004","ivy","1","4004","ivy"
"1711","4005","copybook","1","4005","copybook"
"1712","4006","bbcode","1","4006","bbcode"
"1713","4007","structural-typing","1","4007","structural-typing"
"1714","4011","amd","3","4011","amd"
"1715","4012","dojo","2","4012","dojo"
"1716","4017","notify","2","4017","notify"
"1717","4019","mq","1","4019","mq"
"1718","4020","subtypes","1","4020","subtypes"
"1719","4021","verb","1","4021","verb"
"1720","4023","delimiter","1","4023","delimiter"
"1721","4025","authorisation","1","4025","authorisation"
"1722","4026","either","2","4026","either"
"1723","4027","types","1","4027","types"
"1724","4030","bamboo","2","4030","bamboo"
"1725","4031","matrices","7","4031","matrices"
"1726","4032","user-statistics","1","4032","user-statistics"
"1727","4035","microservices","5","4035","microservices"
"1728","4036","modularization","3","4036","modularization"
"1729","4037","asset-management","1","4037","asset-management"
"1730","4038","inline","1","4038","inline"
"1731","4040","blob","1","4040","blob"
"1732","4042","coffescript","1","4042","coffescript"
"1733","4043","option","1","4043","option"
"1734","4044","trait","4","4044","trait"
"1735","4045","delegation","4","4045","delegation"
"1736","4047","vert.x","1","4047","vert.x"
"1737","4049","platform-dependencies","1","4049","platform-dependencies"
"1738","4050","gradle","4","4050","gradle"
"1739","4051","nuget","3","4051","nuget"
"1740","4052","rust","1","4052","rust"
"1741","4056","dto","1","4056","dto"
"1742","4058","posix","2","4058","posix"
"1743","4059","eventual-consistency","2","4059","eventual-consistency"
"1744","4061","stream-processing","5","4061","stream-processing"
"1745","4063","client-library","1","4063","client-library"
"1746","4066","argparse","1","4066","argparse"
"1747","4068","io.js","1","270506","270505"
"1748","4069","component-diagram","1","4069","component-diagram"
"1749","4071","strong-typing","1","4071","strong-typing"
"1750","4072","setters","1","4072","setters"
"1751","4075","webstorm","1","4075","webstorm"
"1752","4076","autocomplete","1","4076","autocomplete"
"1753","4077","webgl","1","4077","webgl"
"1754","4078","micro-optimization","1","4078","micro-optimization"
"1755","4079","functional-requirements","1","4079","functional-requirements"
"1756","4080","file-naming","1","4080","file-naming"
"1757","4081","lookup","2","4081","lookup"
"1758","4082","automatons","2","4082","automatons"
"1759","4083","chef","1","4083","chef"
"1760","4084","puppet","1","4084","puppet"
"1761","4086","fnv-1a","1","4086","fnv-1a"
"1762","4087","apache-wicket","1","4087","apache-wicket"
"1763","4088","isa","1","4088","isa"
"1764","4089","vendor-lock-in","1","4089","vendor-lock-in"
"1765","4090","logs","1","4090","logs"
"1766","4091","sorted-map","1","4091","sorted-map"
"1767","4092","spam","1","4092","spam"
"1768","4093","aot","1","4093","aot"
"1769","4094","nginx","1","275253","275252"
"1770","4095","load-balancing","1","4095","load-balancing"
"1771","4096","servlets","1","4096","servlets"
